Workbook

Sheet Indicadores
A1: PAINEL EXECUTIVO | MONITORAMENTO DE DORES
A4: Total de Ocorrências | C4: Ocorrências Abertas | E4: SLA Vencido | G4: Valor das Notas
A5: =COUNT('Monitoramento de Dores'!A2:A1001) | C5: =COUNTIFS('Monitoramento de Dores'!Q2:Q1001,"<>Concluído",'Monitoramento de Dores'!Q2:Q1001,"<>Cancelado",'Monitoramento de Dores'!C2:C1001,"<>") | E5: =COUNTIF('Monitoramento de Dores'!Z2:Z1001,"Vencido") | G5: =SUM('Monitoramento de Dores'!O2:O1001)
A8: Tempo Médio de Resolução (dias) | C8: Tempo Médio em Aberto (dias)
A9: =IFERROR(AVERAGEIFS('Monitoramento de Dores'!U2:U1001,'Monitoramento de Dores'!Q2:Q1001,"Concluído",'Monitoramento de Dores'!U2:U1001,">=0"),0) | C9: =IFERROR(AVERAGEIFS('Monitoramento de Dores'!U2:U1001,'Monitoramento de Dores'!Q2:Q1001,"<>Concluído",'Monitoramento de Dores'!Q2:Q1001,"<>Cancelado",'Monitoramento de Dores'!C2:C1001,"<>"),0) | E9: Quantidade
E10: =COUNTIF('Monitoramento de Dores'!Z:Z,D10)
A11: Em Análise | B11: =COUNTIF('Monitoramento de Dores'!Q:Q,A11) | D11: A vencer | E11: =COUNTIF('Monitoramento de Dores'!Z:Z,D11)
A12: Status | B12: Quantidade | D12: Situação SLA | E12: Quantidade | G12: Categoria | H12: Tempo Médio (dias)
A13: Aberto | B13: =COUNTIF('Monitoramento de Dores'!Q:Q,A13) | D13: No prazo | E13: =COUNTIF('Monitoramento de Dores'!Z:Z,D13) | G13: Fiscal | H13: =IFERROR(AVERAGEIFS('Monitoramento de Dores'!U:U,'Monitoramento de Dores'!H:H,G13,'Monitoramento de Dores'!Q:Q,"Concluído"),0)
A14: Em Análise | B14: =COUNTIF('Monitoramento de Dores'!Q:Q,A14) | D14: A vencer | E14: =COUNTIF('Monitoramento de Dores'!Z:Z,D14) | G14: Estoque | H14: =IFERROR(AVERAGEIFS('Monitoramento de Dores'!U:U,'Monitoramento de Dores'!H:H,G14,'Monitoramento de Dores'!Q:Q,"Concluído"),0)
A15: Em Tratativa | B15: =COUNTIF('Monitoramento de Dores'!Q:Q,A15) | D15: Vencido | E15: =COUNTIF('Monitoramento de Dores'!Z:Z,D15) | G15: Financeiro | H15: =IFERROR(AVERAGEIFS('Monitoramento de Dores'!U:U,'Monitoramento de Dores'!H:H,G15,'Monitoramento de Dores'!Q:Q,"Concluído"),0)
A16: Aguardando Terceiros | B16: =COUNTIF('Monitoramento de Dores'!Q:Q,A16) | D16: Concluído | E16: =COUNTIF('Monitoramento de Dores'!Z:Z,D16) | G16: Faturamento | H16: =IFERROR(AVERAGEIFS('Monitoramento de Dores'!U:U,'Monitoramento de Dores'!H:H,G16,'Monitoramento de Dores'!Q:Q,"Concluído"),0)
A17: Concluído | B17: =COUNTIF('Monitoramento de Dores'!Q:Q,A17) | G17: Logística | H17: =IFERROR(AVERAGEIFS('Monitoramento de Dores'!U:U,'Monitoramento de Dores'!H:H,G17,'Monitoramento de Dores'!Q:Q,"Concluído"),0)
A18: Cancelado | B18: =COUNTIF('Monitoramento de Dores'!Q:Q,A18) | G18: Comercial | H18: =IFERROR(AVERAGEIFS('Monitoramento de Dores'!U:U,'Monitoramento de Dores'!H:H,G18,'Monitoramento de Dores'!Q:Q,"Concluído"),0)
G19: TI/Sistemas | H19: =IFERROR(AVERAGEIFS('Monitoramento de Dores'!U:U,'Monitoramento de Dores'!H:H,G19,'Monitoramento de Dores'!Q:Q,"Concluído"),0)
G20: Qualidade | H20: =IFERROR(AVERAGEIFS('Monitoramento de Dores'!U:U,'Monitoramento de Dores'!H:H,G20,'Monitoramento de Dores'!Q:Q,"Concluído"),0)
G21: Compliance | H21: =IFERROR(AVERAGEIFS('Monitoramento de Dores'!U:U,'Monitoramento de Dores'!H:H,G21,'Monitoramento de Dores'!Q:Q,"Concluído"),0)
G22: Outros | H22: =IFERROR(AVERAGEIFS('Monitoramento de Dores'!U:U,'Monitoramento de Dores'!H:H,G22,'Monitoramento de Dores'!Q:Q,"Concluído"),0)

Sheet Monitoramento de Dores
A1: ID | B1: Data da Ocorrência | C1: Data de Registro | D1: Responsável | E1: Setor Responsável | F1: Setor Impactado | G1: Filial | H1: Categoria da Dor | I1: Nota Fiscal | J1: Série | K1: Descrição do Problema | L1: Causa Raiz | M1: Impacto no Negócio | N1: Qtd. Da Nota (em kg) | O1: Valor das Notas (R$) | P1: Prioridade | Q1: Status | R1: Plano de Ação | S1: Prazo | T1: Data Conclusão | U1: Dias em Aberto | V1: Recorrente? | W1: Observações | X1: SLA (dias) | Y1: Data Limite SLA | Z1: Situação SLA | AA1: Dias para Vencimento | AB1: Responsável pela Solução | AC1: Nº Chamado | AD1: Última Atualização | AE1: Anexos
A2: =IF(C2="","",ROW()-1) | B2: 46268 | C2: 46286 | D2: MANOELA PERFEITO | E2: Faturamento | F2: Estoque | G2: Matupá | H2: Estoque | I2: 27673 | J2: 2 | K2: Nota fiscal emitida em duplicidade com a nf 27674-2 | L2: Erro manual | M2: Duplicidade fiscal | N2: 47240 | O2: 94302.4 | P2: Crítica | Q2: Aguardando Terceiros | R2: Atendimento manual, é complicado criar uma solução definitiva, foi orientado o sbs faturamento sobre isso, mas infelizmente não anula a possibilidade do erro acontecer. | S2: 46286 | U2: =IF(C2="","",IF(T2="",TODAY()-C2,T2-C2)) | V2: Sim | X2: =IF(P2="","",IFERROR(VLOOKUP(P2,Parâmetros!$J$2:$K$5,2,FALSE),"")) | Y2: =IF(OR(C2="",X2=""),"",C2+X2) | Z2: =IF(C2="","",IF(Q2="Concluído","Concluído",IF(Y2<TODAY(),"Vencido",IF(Y2-TODAY()<=2,"A vencer","No prazo")))) | AA2: =IF(OR(Y2="",Q2="Concluído"),"",Y2-TODAY()) | AB2: SBS Faturamento | AC2: 17714063 | AD2: 46286
A3: =IF(C3="","",ROW()-1) | B3: 46292 | C3: 46293 | D3: JULIANA MENDES | E3: Logística | F3: Comercial | G3: Paranaguá | H3: Logística | I3: 45120 | J3: 1 | K3: Atraso na liberação de frete por falta de CTE assinado | L3: Instabilidade no portal da transportadora | M3: Carga retida no porto gerando demurrage | O3: 78500 | P3: Alta | Q3: Em Tratativa | R3: Emissão de CTE de contingência e liberação emergencial | S3: 46295 | U3: =IF(C3="","",IF(T3="",TODAY()-C3,T3-C3)) | V3: Sim | X3: =IF(P3="","",IFERROR(VLOOKUP(P3,Parâmetros!$J$2:$K$5,2,FALSE),"")) | Y3: =IF(OR(C3="",X3=""),"",C3+X3) | Z3: =IF(C3="","",IF(Q3="Concluído","Concluído",IF(Y3<TODAY(),"Vencido",IF(Y3-TODAY()<=2,"A vencer","No prazo")))) | AA3: =IF(OR(Y3="",Q3="Concluído"),"",Y3-TODAY()) | AB3: Equipe de Logística Portuária | AC3: 1882001 | AD3: 46293 | AE3: comprovante_porto.pdf, foto_carga.png
A4: =IF(C4="","",ROW()-1) | U4: =IF(C4="","",IF(T4="",TODAY()-C4,T4-C4)) | X4: =IF(P4="","",IFERROR(VLOOKUP(P4,Parâmetros!$J$2:$K$5,2,FALSE),"")) | Y4: =IF(OR(C4="",X4=""),"",C4+X4) | Z4: =IF(C4="","",IF(Q4="Concluído","Concluído",IF(Y4<TODAY(),"Vencido",IF(Y4-TODAY()<=2,"A vencer","No prazo")))) | AA4: =IF(OR(Y4="",Q4="Concluído"),"",Y4-TODAY())
A5: =IF(C5="","",ROW()-1) | U5: =IF(C5="","",IF(T5="",TODAY()-C5,T5-C5)) | X5: =IF(P5="","",IFERROR(VLOOKUP(P5,Parâmetros!$J$2:$K$5,2,FALSE),"")) | Y5: =IF(OR(C5="",X5=""),"",C5+X5) | Z5: =IF(C5="","",IF(Q5="Concluído","Concluído",IF(Y5<TODAY(),"Vencido",IF(Y5-TODAY()<=2,"A vencer","No prazo")))) | AA5: =IF(OR(Y5="",Q5="Concluído"),"",Y5-TODAY())
A6: =IF(C6="","",ROW()-1) | U6: =IF(C6="","",IF(T6="",TODAY()-C6,T6-C6)) | X6: =IF(P6="","",IFERROR(VLOOKUP(P6,Parâmetros!$J$2:$K$5,2,FALSE),"")) | Y6: =IF(OR(C6="",X6=""),"",C6+X6) | Z6: =IF(C6="","",IF(Q6="Concluído","Concluído",IF(Y6<TODAY(),"Vencido",IF(Y6-TODAY()<=2,"A vencer","No prazo")))) | AA6: =IF(OR(Y6="",Q6="Concluído"),"",Y6-TODAY())
A7: =IF(C7="","",ROW()-1) | U7: =IF(C7="","",IF(T7="",TODAY()-C7,T7-C7)) | X7: =IF(P7="","",IFERROR(VLOOKUP(P7,Parâmetros!$J$2:$K$5,2,FALSE),"")) | Y7: =IF(OR(C7="",X7=""),"",C7+X7) | Z7: =IF(C7="","",IF(Q7="Concluído","Concluído",IF(Y7<TODAY(),"Vencido",IF(Y7-TODAY()<=2,"A vencer","No prazo")))) | AA7: =IF(OR(Y7="",Q7="Concluído"),"",Y7-TODAY())
A8: =IF(C8="","",ROW()-1) | U8: =IF(C8="","",IF(T8="",TODAY()-C8,T8-C8)) | X8: =IF(P8="","",IFERROR(VLOOKUP(P8,Parâmetros!$J$2:$K$5,2,FALSE),"")) | Y8: =IF(OR(C8="",X8=""),"",C8+X8) | Z8: =IF(C8="","",IF(Q8="Concluído","Concluído",IF(Y8<TODAY(),"Vencido",IF(Y8-TODAY()<=2,"A vencer","No prazo")))) | AA8: =IF(OR(Y8="",Q8="Concluído"),"",Y8-TODAY())
A9: =IF(C9="","",ROW()-1) | U9: =IF(C9="","",IF(T9="",TODAY()-C9,T9-C9)) | X9: =IF(P9="","",IFERROR(VLOOKUP(P9,Parâmetros!$J$2:$K$5,2,FALSE),"")) | Y9: =IF(OR(C9="",X9=""),"",C9+X9) | Z9: =IF(C9="","",IF(Q9="Concluído","Concluído",IF(Y9<TODAY(),"Vencido",IF(Y9-TODAY()<=2,"A vencer","No prazo")))) | AA9: =IF(OR(Y9="",Q9="Concluído"),"",Y9-TODAY())
A10: =IF(C10="","",ROW()-1) | U10: =IF(C10="","",IF(T10="",TODAY()-C10,T10-C10)) | X10: =IF(P10="","",IFERROR(VLOOKUP(P10,Parâmetros!$J$2:$K$5,2,FALSE),"")) | Y10: =IF(OR(C10="",X10=""),"",C10+X10) | Z10: =IF(C10="","",IF(Q10="Concluído","Concluído",IF(Y10<TODAY(),"Vencido",IF(Y10-TODAY()<=2,"A vencer","No prazo")))) | AA10: =IF(OR(Y10="",Q10="Concluído"),"",Y10-TODAY())
A11: =IF(C11="","",ROW()-1) | U11: =IF(C11="","",IF(T11="",TODAY()-C11,T11-C11)) | X11: =IF(P11="","",IFERROR(VLOOKUP(P11,Parâmetros!$J$2:$K$5,2,FALSE),"")) | Y11: =IF(OR(C11="",X11=""),"",C11+X11) | Z11: =IF(C11="","",IF(Q11="Concluído","Concluído",IF(Y11<TODAY(),"Vencido",IF(Y11-TODAY()<=2,"A vencer","No prazo")))) | AA11: =IF(OR(Y11="",Q11="Concluído"),"",Y11-TODAY())
A12: =IF(C12="","",ROW()-1) | U12: =IF(C12="","",IF(T12="",TODAY()-C12,T12-C12)) | X12: =IF(P12="","",IFERROR(VLOOKUP(P12,Parâmetros!$J$2:$K$5,2,FALSE),"")) | Y12: =IF(OR(C12="",X12=""),"",C12+X12) | Z12: =IF(C12="","",IF(Q12="Concluído","Concluído",IF(Y12<TODAY(),"Vencido",IF(Y12-TODAY()<=2,"A vencer","No prazo")))) | AA12: =IF(OR(Y12="",Q12="Concluído"),"",Y12-TODAY())
A13: =IF(C13="","",ROW()-1) | U13: =IF(C13="","",IF(T13="",TODAY()-C13,T13-C13)) | X13: =IF(P13="","",IFERROR(VLOOKUP(P13,Parâmetros!$J$2:$K$5,2,FALSE),"")) | Y13: =IF(OR(C13="",X13=""),"",C13+X13) | Z13: =IF(C13="","",IF(Q13="Concluído","Concluído",IF(Y13<TODAY(),"Vencido",IF(Y13-TODAY()<=2,"A vencer","No prazo")))) | AA13: =IF(OR(Y13="",Q13="Concluído"),"",Y13-TODAY())
A14: =IF(C14="","",ROW()-1) | U14: =IF(C14="","",IF(T14="",TODAY()-C14,T14-C14)) | X14: =IF(P14="","",IFERROR(VLOOKUP(P14,Parâmetros!$J$2:$K$5,2,FALSE),"")) | Y14: =IF(OR(C14="",X14=""),"",C14+X14) | Z14: =IF(C14="","",IF(Q14="Concluído","Concluído",IF(Y14<TODAY(),"Vencido",IF(Y14-TODAY()<=2,"A vencer","No prazo")))) | AA14: =IF(OR(Y14="",Q14="Concluído"),"",Y14-TODAY())
A15: =IF(C15="","",ROW()-1) | U15: =IF(C15="","",IF(T15="",TODAY()-C15,T15-C15)) | X15: =IF(P15="","",IFERROR(VLOOKUP(P15,Parâmetros!$J$2:$K$5,2,FALSE),"")) | Y15: =IF(OR(C15="",X15=""),"",C15+X15) | Z15: =IF(C15="","",IF(Q15="Concluído","Concluído",IF(Y15<TODAY(),"Vencido",IF(Y15-TODAY()<=2,"A vencer","No prazo")))) | AA15: =IF(OR(Y15="",Q15="Concluído"),"",Y15-TODAY())
... A1001: =IF(C1001="","",ROW()-1) | U1001: =IF(C1001="","",IF(T1001="",TODAY()-C1001,T1001-C1001)) | X1001: =IF(P1001="","",IFERROR(VLOOKUP(P1001,Parâmetros!$J$2:$K$5,2,FALSE),"")) | Y1001: =IF(OR(C1001="",X1001=""),"",C1001+X1001) | Z1001: =IF(C1001="","",IF(Q1001="Concluído","Concluído",IF(Y1001<TODAY(),"Vencido",IF(Y1001-TODAY()<=2,"A vencer","No prazo")))) | AA1001: =IF(OR(Y1001="",Q1001="Concluído"),"",Y1001-TODAY())

Sheet Parâmetros
A1: Status | C1: Prioridade | E1: Recorrente? | G1: Categoria da Dor | J1: Prioridade | K1: SLA (dias) | M1: Setor | O1: Filial
A2: Aberto | C2: Baixa | E2: Sim | G2: Fiscal | J2: Baixa | K2: 15 | M2: Fiscal | O2: Rondonópolis
A3: Em Análise | C3: Média | E3: Não | G3: Estoque | J3: Média | K3: 10 | M3: Estoque | O3: Paranaguá
A4: Em Tratativa | C4: Alta | G4: Financeiro | J4: Alta | K4: 5 | M4: Financeiro | O4: Matupá
A5: Aguardando Terceiros | C5: Crítica | G5: Faturamento | J5: Crítica | K5: 2 | M5: Faturamento
A6: Concluído | G6: Logística | M6: Logística
A7: Cancelado | G7: Comercial | J7: Orientação | M7: Comercial
G8: TI/Sistemas | J8: Ajuste os SLAs na coluna K. As fórmulas do monitoramento usarão estes prazos. | M8: TI
G9: Qualidade | M9: Suprimentos
G10: Compliance | M10: Qualidade
G11: Outros | M11: Operações
M12: Outros
